Date,AMZN,MSFT
2015-01-02,308.519989,43.555
2015-01-05,302.190002,43.154472
2015-01-06,295.290009,42.521076
2015-01-07,298.420013,43.061325
2015-01-08,300.459991,44.328106
2015-01-09,296.929993,43.955528
2015-01-12,291.410004,43.40596
2015-01-13,294.73999,43.182419
2015-01-14,293.269989,42.80983
2015-01-15,286.950012,42.362728
2015-01-16,290.73999,43.070637
2015-01-20,289.440002,43.210358
2015-01-21,297.25,42.772564
2015-01-22,310.320007,43.899639
2015-01-23,312.390015,43.946213
2015-01-26,309.660004,43.787861
2015-01-27,306.75,39.736023
2015-01-28,303.910004,38.366768
2015-01-29,311.779999,39.130566
2015-01-30,354.529999,37.63092
2015-02-02,364.470001,38.450603
2015-02-03,363.549988,38.748669
2015-02-04,364.75,38.972233
2015-02-05,373.890015,39.540409
2015-02-06,374.279999,39.503155
2015-02-09,370.559998,39.456585
2015-02-10,373.0,39.680126
2015-02-11,375.140015,39.475208
2015-02-12,377.170013,40.136551
2015-02-13,381.829987,40.863087
2015-02-17,375.429993,40.881844
2015-02-18,373.369995,40.834942
2015-02-19,379.0,40.806797
2015-02-20,383.660004,41.144508
2015-02-23,380.140015,41.416557
2015-02-24,378.589996,41.360271
2015-02-25,385.369995,41.266464
2015-02-26,384.799988,41.33213
2015-02-27,380.160004,41.135124
2015-03-02,385.660004,41.163273
2015-03-03,384.609985,40.600418
2015-03-04,382.720001,40.394043
2015-03-05,387.829987,40.440945
2015-03-06,380.089996,39.737381
2015-03-09,378.559998,40.197037
2015-03-10,369.51001,39.427807
2015-03-11,366.369995,39.380898
2015-03-12,374.23999,38.480343
2015-03-13,370.579987,38.81805
2015-03-16,373.350006,38.986904
2015-03-17,371.920013,39.11824
2015-03-18,375.140015,39.86871
2015-03-19,373.23999,39.671715
2015-03-20,378.48999,40.225189
2015-03-23,375.109985,40.206421
2015-03-24,374.089996,40.24395
2015-03-25,370.959991,38.893097
2015-03-26,367.350006,38.658577
2015-03-27,370.559998,38.433437
2015-03-30,374.589996,38.424053
2015-03-31,372.100006,38.142635
2015-04-01,370.26001,38.198917
2015-04-02,372.25,37.795536
2015-04-06,377.040009,38.977528
2015-04-07,374.410004,38.958767
2015-04-08,381.200012,38.855576
2015-04-09,383.540009,38.911869
2015-04-10,382.649994,39.137005
2015-04-13,382.359985,39.174526
2015-04-14,385.109985,39.071331
2015-04-15,383.450012,39.643566
2015-04-16,386.040009,39.549763
2015-04-17,375.559998,39.043194
2015-04-20,389.51001,40.253326
2015-04-21,391.179993,40.000038
2015-04-22,389.799988,40.328373
2015-04-23,389.98999,40.656704
2015-04-24,445.100006,44.906242
2015-04-27,438.559998,45.056332
2015-04-28,429.309998,46.116375
2015-04-29,429.369995,46.022568
2015-04-30,421.779999,45.628563
2015-05-01,422.869995,45.647331
2015-05-04,423.040009,45.253326
2015-05-05,421.190002,44.652954
2015-05-06,419.100006,43.414684
2015-05-07,426.880005,43.808681
2015-05-08,433.690002,44.793667
2015-05-11,432.850006,44.437195
2015-05-12,431.019989,44.418427
2015-05-13,426.869995,44.681099
2015-05-14,432.279999,45.703613
2015-05-15,426.0,45.309616
2015-05-18,425.23999,45.037567
2015-05-19,421.709991,44.924271
2015-05-20,423.859985,44.924271
2015-05-21,431.630005,44.773201
2015-05-22,427.630005,44.282227
2015-05-26,425.470001,43.989521
2015-05-27,431.420013,44.952595
2015-05-28,426.570007,44.801529
2015-05-29,429.230011,44.244453
2015-06-01,430.920013,44.593803
2015-06-02,430.98999,44.301109
2015-06-03,436.589996,44.235012
2015-06-04,430.779999,43.772362
2015-06-05,426.950012,43.564648
2015-06-08,423.5,43.177528
2015-06-09,425.480011,43.101997
2015-06-10,430.769989,44.008411
2015-06-11,432.970001,43.847897
2015-06-12,429.920013,43.404137
2015-06-15,423.670013,42.941483
2015-06-16,427.26001,43.271946
2015-06-17,427.809998,43.404137
2015-06-18,439.390015,44.112274
2015-06-19,434.920013,43.526875
2015-06-22,436.290009,43.64962
2015-06-23,445.98999,43.347481
2015-06-24,440.839996,43.092552
2015-06-25,440.100006,43.101997
2015-06-26,438.100006,42.733753
2015-06-29,429.859985,41.893436
2015-06-30,434.089996,41.685722
2015-07-01,437.390015,41.968971
2015-07-02,437.709991,41.921768
2015-07-06,436.040009,41.912315
2015-07-07,436.720001,41.827347
2015-07-08,429.700012,41.770699
2015-07-09,434.390015,42.035069
2015-07-10,443.51001,42.120037
2015-07-13,455.570007,42.998135
2015-07-14,465.570007,43.073662
2015-07-15,461.190002,43.205849
2015-07-16,475.480011,44.055618
2015-07-17,483.01001,44.017853
2015-07-20,488.100006,44.301109
2015-07-21,488.0,44.641014
2015-07-22,488.269989,42.998135
2015-07-23,482.179993,43.53632
2015-07-24,529.419983,43.375801
2015-07-27,531.409973,42.818733
2015-07-28,526.030029,42.809303
2015-07-29,529.0,43.706272
2015-07-30,536.76001,44.26334
2015-07-31,536.150024,44.093388
2015-08-03,535.030029,44.19725
2015-08-04,531.900024,44.886497
2015-08-05,537.01001,44.924271
2015-08-06,529.460022,44.017853
2015-08-07,522.619995,44.131153
2015-08-10,524.0,44.688225
2015-08-11,527.460022,43.819569
2015-08-12,525.909973,44.131153
2015-08-13,529.659973,44.121716
2015-08-14,531.52002,44.37664
2015-08-17,535.219971,44.67878
2015-08-18,535.02002,44.925888
2015-08-19,532.919983,44.298618
2015-08-20,515.780029,43.395733
2015-08-21,494.470001,40.934166
2015-08-24,463.369995,39.613098
2015-08-25,466.369995,38.463104
2015-08-26,500.769989,40.592014
2015-08-27,518.369995,41.723003
2015-08-28,518.01001,41.751518
2015-08-31,512.890015,41.361858
2015-09-01,496.540009,39.746147
2015-09-02,510.549988,41.209785
2015-09-03,504.720001,41.342838
2015-09-04,499.0,40.496979
2015-09-08,517.539978,41.713501
2015-09-09,516.890015,40.934166
2015-09-10,522.23999,41.143253
2015-09-11,529.440002,41.32383
2015-09-14,521.380005,40.905655
2015-09-15,522.369995,41.799038
2015-09-16,527.390015,42.103172
2015-09-17,538.869995,42.055649
2015-09-18,540.26001,41.32383
2015-09-21,548.390015,41.922592
2015-09-22,538.400024,41.723003
2015-09-23,536.070007,41.694489
2015-09-24,533.75,41.73251
2015-09-25,524.25,41.761021
2015-09-28,504.059998,41.143253
2015-09-29,496.070007,41.285816
2015-09-30,511.890015,42.065155
2015-10-01,520.719971,42.397797
2015-10-02,532.539978,43.310192
2015-10-05,543.679993,44.317627
2015-10-06,537.47998,44.431675
2015-10-07,541.940002,44.479198
2015-10-08,533.159973,45.096962
2015-10-09,539.799988,44.773827
2015-10-12,550.190002,44.669281
2015-10-13,548.900024,44.564732
2015-10-14,544.830017,44.365143
2015-10-15,562.440002,44.67878
2015-10-16,570.76001,45.153984
2015-10-19,573.150024,45.25853
2015-10-20,560.880005,45.401089
2015-10-21,555.77002,44.85936
2015-10-22,563.909973,45.648201
2015-10-23,599.030029,50.248184
2015-10-26,608.609985,51.55975
2015-10-27,611.01001,51.027523
2015-10-28,617.099976,51.303135
2015-10-29,626.549988,50.71389
2015-10-30,625.900024,50.029591
2015-11-02,628.349976,50.599834
2015-11-03,625.309998,51.46471
2015-11-04,640.950012,51.702312
2015-11-05,655.650024,51.683304
2015-11-06,659.369995,52.196522
2015-11-09,655.48999,51.474209
2015-11-10,659.679993,50.856441
2015-11-11,673.25,50.989502
2015-11-12,665.599976,50.675869
2015-11-13,642.349976,50.219673
2015-11-16,647.809998,51.103554
2015-11-17,643.299988,50.682556
2015-11-18,663.539978,51.524551
2015-11-19,661.27002,51.610664
2015-11-20,668.450012,51.849869
2015-11-23,678.98999,51.849869
2015-11-24,671.150024,51.907284
2015-11-25,675.340027,51.37146
2015-11-27,673.26001,51.601093
2015-11-30,664.799988,52.00296
2015-12-01,679.059998,52.835396
2015-12-02,676.01001,52.825821
2015-12-03,666.25,51.85944
2015-12-04,672.640015,53.495594
2015-12-07,669.830017,53.399914
2015-12-08,677.330017,53.380775
2015-12-09,664.789978,52.605755
2015-12-10,662.320007,52.883236
2015-12-11,640.150024,51.725483
2015-12-14,657.909973,52.758842
2015-12-15,658.640015,52.816257
2015-12-16,675.77002,53.706093
2015-12-17,670.650024,53.294666
2015-12-18,664.140015,51.792465
2015-12-21,664.51001,52.462234
2015-12-22,663.150024,52.959778
2015-12-23,663.700012,53.409485
2015-12-24,662.789978,53.265953
2015-12-28,675.200012,53.533871
2015-12-29,693.969971,54.107956
2015-12-30,689.070007,53.878323
2015-12-31,675.890015,53.084164
2016-01-04,636.98999,52.433533
2016-01-05,633.789978,52.672737
2016-01-06,632.650024,51.715916
2016-01-07,607.940002,49.917099
2016-01-08,607.049988,50.070198
2016-01-11,617.73999,50.041489
2016-01-12,617.890015,50.500759
2016-01-13,581.809998,49.409988
2016-01-14,593.0,50.816513
2016-01-15,570.179993,48.788059
2016-01-19,574.47998,48.376629
2016-01-20,571.77002,48.596699
2016-01-21,575.02002,48.300083
2016-01-22,596.380005,50.031921
2016-01-25,596.530029,49.553509
2016-01-26,601.25,49.917099
2016-01-27,583.349976,49.008129
2016-01-28,635.349976,49.811855
2016-01-29,587.0,52.711006
2016-02-01,574.809998,52.347412
2016-02-02,552.099976,50.711258
2016-02-03,531.070007,49.907536
2016-02-04,536.26001,49.754448
2016-02-05,502.130005,47.993904
2016-02-08,488.100006,47.276287
2016-02-09,482.070007,47.151901
2016-02-10,490.480011,47.563332
2016-02-11,503.820007,47.544201
2016-02-12,507.079987,48.319218
2016-02-16,521.099976,49.234718
2016-02-17,534.099976,50.516418
2016-02-18,525.0,50.294781
2016-02-19,534.900024,49.938213
2016-02-22,559.5,50.738071
2016-02-23,552.940002,49.321453
2016-02-24,554.039978,49.494919
2016-02-25,555.150024,50.208042
2016-02-26,555.22998,49.437096
2016-02-29,552.52002,49.032349
2016-03-01,579.039978,50.670616
2016-03-02,580.210022,51.027176
2016-03-03,577.48999,50.448967
2016-03-04,575.140015,50.140583
2016-03-07,562.799988,49.176895
2016-03-08,560.26001,49.774391
2016-03-09,559.469971,50.921169
2016-03-10,558.929993,50.159859
2016-03-11,569.609985,51.142818
2016-03-14,573.369995,51.239185
2016-03-15,577.02002,51.643936
2016-03-16,574.27002,52.376339
2016-03-17,559.440002,52.675079
2016-03-18,552.080017,51.547573
2016-03-21,553.97998,51.904137
2016-03-22,560.47998,52.106506
2016-03-23,569.630005,52.010139
2016-03-24,582.950012,52.241425
2016-03-28,579.869995,51.595753
2016-03-29,593.859985,52.723263
2016-03-30,598.690002,53.050919
2016-03-31,593.640015,53.224377
