Date,AAPL,AMZN,JPM,MSFT
2015-01-02,103.86647,308.519989,58.151787,43.555
2015-01-05,100.940392,302.190002,56.346466,43.154472
2015-01-06,100.94989,295.290009,54.885452,42.521076
2015-01-07,102.36544,298.420013,54.969208,43.061325
2015-01-08,106.298531,300.459991,56.197571,44.328106
2015-01-09,106.412552,296.929993,55.220459,43.955528
2015-01-12,103.790474,291.410004,54.745872,43.40596
2015-01-13,104.711998,294.73999,54.755173,43.182419
2015-01-14,104.312988,293.269989,52.866104,42.80983
2015-01-15,101.481903,286.950012,51.172447,42.362728
2015-01-16,100.693382,290.73999,52.047195,43.070637
2015-01-20,103.286957,289.440002,51.842472,43.210358
2015-01-21,104.075485,297.25,52.009972,42.772564
2015-01-22,106.783058,310.320007,53.591953,43.899639
2015-01-23,107.334084,312.390015,52.745129,43.946213
2015-01-26,107.448074,309.660004,52.828876,43.787861
2015-01-27,103.685966,306.75,52.298454,39.736023
2015-01-28,109.547638,303.910004,50.949116,38.366768
2015-01-29,112.958244,311.779999,51.805248,39.130566
2015-01-30,111.305183,354.529999,50.604801,37.63092
2015-02-02,112.701721,364.470001,51.619129,38.450603
2015-02-03,112.720718,363.549988,52.782352,38.748669
2015-02-04,113.585258,364.75,52.46595,38.972233
2015-02-05,114.395966,373.890015,52.828876,39.540409
2015-02-06,113.43264,374.279999,53.87112,39.503155
2015-02-09,114.186127,370.559998,53.805988,39.456585
2015-02-10,116.379814,373.0,54.401546,39.680126
2015-02-11,119.107613,375.140015,54.317806,39.475208
2015-02-12,120.614594,377.170013,55.434494,40.136551
2015-02-13,121.205933,381.829987,55.527554,40.863087
2015-02-17,121.921249,375.429993,55.927696,40.881844
2015-02-18,122.770134,373.369995,55.248386,40.834942
2015-02-19,122.512596,379.0,55.118099,40.806797
2015-02-20,123.514084,383.660004,55.648529,41.144508
2015-02-23,126.85228,380.140015,55.229767,41.416557
2015-02-24,126.060654,378.589996,56.597725,41.360271
2015-02-25,122.836899,385.369995,56.895504,41.266464
2015-02-26,124.391541,384.799988,57.304955,41.33213
2015-02-27,122.522156,380.160004,57.025784,41.135124
2015-03-02,123.123016,385.660004,57.48177,41.163273
2015-03-03,123.380539,384.609985,57.667885,40.600418
2015-03-04,122.598434,382.720001,57.81678,40.394043
2015-03-05,120.56691,387.829987,57.695801,40.440945
2015-03-06,120.748108,380.089996,56.662857,39.737381
2015-03-09,121.263153,378.559998,57.230503,40.197037
2015-03-10,118.754723,369.51001,55.797421,39.427807
2015-03-11,116.589638,366.369995,56.057983,39.380898
2015-03-12,118.697479,374.23999,57.109531,38.480343
2015-03-13,117.877243,370.579987,56.765224,38.81805
2015-03-16,119.174377,373.350006,57.556217,38.986904
2015-03-17,121.16777,371.920013,57.332874,39.11824
2015-03-18,122.531677,375.140015,57.463158,39.86871
2015-03-19,121.606522,373.23999,56.951332,39.671715
2015-03-20,120.080482,378.48999,57.463158,40.225189
2015-03-23,121.329918,375.109985,56.895504,40.206421
2015-03-24,120.833961,374.089996,56.262707,40.24395
2015-03-25,117.676964,370.959991,55.471722,38.893097
2015-03-26,118.497215,367.350006,55.406574,38.658577
2015-03-27,117.552971,370.559998,55.415882,38.433437
2015-03-30,120.528755,374.589996,56.727997,38.424053
2015-03-31,118.678413,372.100006,56.374386,38.142635
2015-04-01,118.506744,370.26001,56.15892,38.198917
2015-04-02,119.527283,372.25,56.692883,37.795536
2015-04-06,121.46344,377.040009,56.646046,38.977528
2015-04-07,120.185402,374.410004,57.002007,38.958767
2015-04-08,119.794342,381.200012,57.189365,38.855576
2015-04-09,120.709961,383.540009,57.582806,38.911869
2015-04-10,121.225006,382.649994,57.79826,39.137005
2015-04-13,120.986565,382.359985,58.144855,39.174526
2015-04-14,120.46199,385.109985,59.053528,39.071331
2015-04-15,120.919792,383.450012,60.149532,39.643566
2015-04-16,120.33799,386.040009,59.774826,39.549763
2015-04-17,118.983627,375.559998,58.866165,39.043194
2015-04-20,121.701889,389.51001,59.240871,40.253326
2015-04-21,121.0438,391.179993,58.36969,40.000038
2015-04-22,122.674751,389.799988,58.959843,40.328373
2015-04-23,123.676208,389.98999,58.82869,40.656704
2015-04-24,124.257996,445.100006,58.641342,44.906242
2015-04-27,126.518456,438.559998,58.397789,45.056332
2015-04-28,124.525078,429.309998,58.791222,46.116375
2015-04-29,122.693825,429.369995,59.578114,46.022568
2015-04-30,119.365135,421.779999,59.259613,45.628563
2015-05-01,122.989487,422.869995,59.587475,45.647331
2015-05-04,122.751053,423.040009,60.627285,45.253326
2015-05-05,119.985092,421.190002,60.327518,44.652954
2015-05-06,119.231606,419.100006,59.877865,43.414684
2015-05-07,119.969086,426.880005,60.421192,43.808681
2015-05-08,122.229424,433.690002,61.348583,44.793667
2015-05-11,120.984306,432.850006,61.311119,44.437195
2015-05-12,120.553329,431.019989,61.226814,44.418427
2015-05-13,120.687416,426.869995,61.376686,44.681099
2015-05-14,123.503227,432.279999,61.873169,45.703613
2015-05-15,123.330833,426.0,61.713917,45.309616
2015-05-18,124.690865,425.23999,62.219776,45.037567
2015-05-19,124.575912,421.709991,62.772469,44.924271
2015-05-20,124.566338,423.859985,62.275997,44.924271
2015-05-21,125.840164,431.630005,62.435226,44.773201
2015-05-22,126.941574,427.630005,62.266617,44.282227
2015-05-26,124.14492,425.470001,61.573414,43.989521
2015-05-27,126.462708,431.420013,62.266617,44.952595
2015-05-28,126.213676,426.570007,62.013691,44.801529
2015-05-29,124.777046,429.230011,61.620258,44.244453
2015-06-01,125.026062,430.920013,61.901279,44.593803
2015-06-02,124.470581,430.98999,61.84507,44.301109
2015-06-03,124.623802,436.589996,62.482059,44.235012
2015-06-04,123.895912,430.779999,62.135471,43.772362
2015-06-05,123.215904,426.950012,63.156536,43.564648
2015-06-08,122.401802,423.5,62.660057,43.177528
2015-06-09,122.037849,425.480011,62.931725,43.101997
2015-06-10,123.436188,430.769989,63.94342,44.008411
2015-06-11,123.158417,432.970001,64.186974,43.847897
2015-06-12,121.798416,429.920013,63.934052,43.404137
2015-06-15,121.558975,423.670013,63.690495,42.941483
2015-06-16,122.210251,427.26001,64.046471,43.271946
2015-06-17,121.92292,427.809998,63.831009,43.404137
2015-06-18,122.478409,439.390015,64.430534,44.112274
2015-06-19,121.252487,434.920013,63.774803,43.526875
2015-06-22,122.219826,436.290009,64.599159,43.64962
2015-06-23,121.664322,445.98999,65.339195,43.347481
2015-06-24,122.698708,440.839996,64.65535,43.092552
2015-06-25,122.114471,440.100006,64.308754,43.101997
2015-06-26,121.396149,438.100006,64.589798,42.733753
2015-06-29,119.269913,429.859985,62.950443,41.893436
2015-06-30,120.131905,434.089996,63.475033,41.685722
2015-07-01,121.252487,437.390015,64.182198,41.968971
2015-07-02,121.099236,437.709991,63.663609,41.921768
2015-07-06,120.677834,436.040009,63.484463,41.912315
2015-07-07,120.380928,436.720001,62.984745,41.827347
2015-07-08,117.392715,429.700012,61.692986,41.770699
2015-07-09,114.998314,434.390015,62.334152,42.035069
2015-07-10,118.072723,443.51001,63.220463,42.120037
2015-07-13,120.352196,455.570007,64.201057,42.998135
2015-07-14,120.304298,465.570007,65.096809,43.073662
2015-07-15,121.463196,461.190002,65.238235,43.205849
2015-07-16,123.081818,475.480011,65.587097,44.055618
2015-07-17,124.14492,483.01001,65.257088,44.017853
2015-07-20,126.491463,488.100006,65.304237,44.301109
2015-07-21,125.227188,488.0,65.153366,44.641014
2015-07-22,119.930779,488.269989,66.077408,42.998135
2015-07-23,119.873306,482.179993,65.662529,43.53632
2015-07-24,119.241196,529.419983,64.974228,43.375801
2015-07-27,117.584259,531.409973,64.125633,42.818733
2015-07-28,118.168503,526.030029,64.163345,42.809303
2015-07-29,117.794968,529.0,65.002502,43.706272
2015-07-30,117.201164,536.76001,65.096809,44.26334
2015-07-31,116.176353,536.150024,64.615929,44.093388
2015-08-03,113.437157,535.030029,64.615929,44.19725
2015-08-04,109.797668,531.900024,64.549919,44.886497
2015-08-05,110.525574,537.01001,64.804504,44.924271
2015-08-06,110.76609,529.460022,64.351929,44.017853
2015-08-07,111.141319,522.619995,64.163345,44.131153
2015-08-10,115.182114,524.0,64.955376,44.688225
2015-08-11,109.188248,527.460022,64.333069,43.819569
2015-08-12,110.871918,525.909973,63.399612,44.131153
2015-08-13,110.785339,529.659973,63.691914,44.121716
2015-08-14,111.564629,531.52002,64.012482,44.37664
2015-08-17,112.719162,535.219971,64.182198,44.67878
2015-08-18,112.084152,535.02002,64.314209,44.925888
2015-08-19,110.650642,532.919983,63.739048,44.298618
2015-08-20,108.380096,515.780029,62.173851,43.395733
2015-08-21,101.751259,494.470001,59.967503,40.934166
2015-08-24,99.211334,463.369995,56.808838,39.613098
2015-08-25,99.807816,466.369995,56.488258,38.463104
2015-08-26,105.532295,500.769989,59.316914,40.592014
2015-08-27,108.639862,518.369995,60.797245,41.723003
2015-08-28,108.995834,518.01001,60.467236,41.751518
2015-08-31,108.485931,512.890015,60.43895,41.361858
2015-09-01,103.636963,496.540009,57.940304,39.746147
2015-09-02,108.081833,510.549988,58.996334,41.209785
2015-09-03,106.186516,504.720001,59.100056,41.342838
2015-09-04,105.128212,499.0,57.987446,40.496979
2015-09-08,108.052979,517.539978,59.552631,41.713501
2015-09-09,105.974854,516.890015,58.628609,40.934166
2015-09-10,108.303116,522.23999,59.081192,41.143253
2015-09-11,109.880959,529.440002,58.986908,41.32383
2015-09-14,110.939262,521.380005,58.817184,40.905655
2015-09-15,111.872498,522.369995,59.948654,41.799038
2015-09-16,111.997581,527.390015,60.476665,42.103172
2015-09-17,109.601952,538.869995,59.071766,42.055649
2015-09-18,109.149773,540.26001,57.459431,41.32383
2015-09-21,110.843056,548.390015,57.940304,41.922592
2015-09-22,109.101662,538.400024,57.431145,41.723003
2015-09-23,109.986801,536.070007,57.176567,41.694489
2015-09-24,110.641022,533.75,56.780556,41.73251
2015-09-25,110.362015,524.25,57.95916,41.761021
2015-09-28,108.178062,504.059998,56.554264,41.143253
2015-09-29,104.926178,496.070007,56.42226,41.285816
2015-09-30,106.119179,511.890015,57.48772,42.065155
2015-10-01,105.42646,520.719971,57.912018,42.397797
2015-10-02,106.196136,532.539978,57.750568,43.310192
2015-10-05,106.580978,543.679993,58.899696,44.317627
2015-10-06,107.090881,537.47998,58.928185,44.431675
2015-10-07,106.580978,541.940002,59.004154,44.479198
2015-10-08,105.349495,533.159973,59.004154,45.096962
2015-10-09,107.870178,539.799988,58.814224,44.773827
2015-10-12,107.369888,550.190002,58.614784,44.669281
2015-10-13,107.552696,548.900024,58.453335,44.564732
2015-10-14,106.032578,544.830017,56.971828,44.365143
2015-10-15,107.620049,562.440002,58.776237,44.67878
2015-10-16,106.831116,570.76001,59.289063,45.153984
2015-10-19,107.494957,573.150024,59.089634,45.25853
2015-10-20,109.457634,560.880005,59.374538,45.401089
2015-10-21,109.448021,555.77002,58.937675,44.85936
2015-10-22,111.122078,563.909973,60.010822,45.648201
2015-10-23,114.566376,599.030029,60.656612,50.248184
2015-10-26,110.910416,608.609985,60.685108,51.55975
2015-10-27,110.208076,611.01001,60.438187,51.027523
2015-10-28,114.749161,617.099976,62.204605,51.303135
2015-10-29,115.961411,626.549988,61.929199,50.71389
2015-10-30,114.970459,625.900024,61.01749,50.029591
2015-11-02,116.586769,628.349976,62.242592,50.599834
2015-11-03,117.924095,625.309998,62.47052,51.46471
2015-11-04,117.375694,640.950012,62.537003,51.702312
2015-11-05,116.834602,655.650024,63.097313,51.683304
2015-11-06,116.969872,659.369995,65.015686,52.196522
2015-11-09,116.496429,655.48999,63.999527,51.474209
2015-11-10,112.824814,659.679993,64.274933,50.856441
2015-11-11,112.187119,673.25,63.961533,50.989502
2015-11-12,111.810295,665.599976,62.679455,50.675869
2015-11-13,108.544479,642.349976,62.261585,50.219673
2015-11-16,110.322327,647.809998,63.163795,51.103554
2015-11-17,109.848885,643.299988,62.80291,50.682556
2015-11-18,113.327248,663.539978,64.056488,51.524551
2015-11-19,114.766914,661.27002,64.255936,51.610664
2015-11-20,115.269348,668.450012,64.141975,51.849869
2015-11-23,113.771706,678.98999,63.515175,51.849869
2015-11-24,114.863525,671.150024,63.420212,51.907284
2015-11-25,114.042252,675.340027,63.496178,51.37146
2015-11-27,113.829681,673.26001,63.790596,51.601093
2015-11-30,114.303123,664.799988,63.325241,52.00296
2015-12-01,113.375557,679.059998,64.208443,52.835396
2015-12-02,112.351372,676.01001,63.306263,52.825821
2015-12-03,111.307861,666.25,62.489506,51.85944
2015-12-04,115.008461,672.640015,64.474365,53.495594
2015-12-07,114.283798,669.830017,63.629131,53.399914
2015-12-08,114.235489,677.330017,62.641464,53.380775
2015-12-09,111.713676,664.789978,62.166615,52.605755
2015-12-10,112.245087,662.320007,62.309067,52.883236
2015-12-11,109.356125,640.150024,60.84655,51.725483
2015-12-14,108.679771,657.909973,61.036488,52.758842
2015-12-15,106.756989,658.640015,62.774414,52.816257
2015-12-16,107.57827,675.77002,64.132462,53.706093
2015-12-17,105.298019,670.650024,62.945358,53.294666
2015-12-18,102.44767,664.140015,61.159954,51.792465
2015-12-21,103.703766,664.51001,62.242592,52.462234
2015-12-22,103.607155,663.150024,62.375546,52.959778
2015-12-23,104.940506,663.700012,63.372726,53.409485
2015-12-24,104.380112,662.789978,63.249271,53.265953
2015-12-28,103.210999,675.200012,63.040333,53.533871
2015-12-29,105.066116,693.969971,63.695606,54.107956
2015-12-30,103.694107,689.070007,63.239769,53.878323
2015-12-31,101.703697,675.890015,62.707943,53.084164
2016-01-04,101.790649,636.98999,60.824501,52.433533
2016-01-05,99.239845,633.789978,60.929668,52.672737
2016-01-06,97.29776,632.650024,60.050102,51.715916
2016-01-07,93.191338,607.940002,57.621708,49.917099
2016-01-08,93.68412,607.049988,56.331024,50.070198
2016-01-11,95.201073,617.73999,56.244976,50.041489
2016-01-12,96.582756,617.890015,56.369267,50.500759
2016-01-13,94.099594,581.809998,54.820446,49.409988
2016-01-14,96.157608,593.0,55.642662,50.816513
2016-01-15,93.848373,570.179993,54.53363,48.788059
2016-01-19,93.394257,574.47998,54.504955,48.376629
2016-01-20,93.519867,571.77002,53.070862,48.596699
2016-01-21,93.046417,575.02002,52.822281,48.300083
2016-01-22,97.993423,596.380005,54.447586,50.031921
2016-01-25,96.080322,596.530029,53.214275,49.553509
2016-01-26,96.61174,601.25,54.571877,49.917099
2016-01-27,90.263725,583.349976,54.53363,49.008129
2016-01-28,90.911087,635.349976,54.763092,49.811855
2016-01-29,94.05127,587.0,56.88554,52.711006
2016-02-01,93.172028,574.809998,56.273663,52.347412
2016-02-02,91.28791,552.099976,54.524071,50.711258
2016-02-03,93.094734,531.070007,54.887371,49.907536
2016-02-04,93.842743,536.26001,55.833878,49.754448
2016-02-05,91.336388,502.130005,55.212437,47.993904
2016-02-08,92.298134,488.100006,54.055603,47.276287
2016-02-09,92.278694,482.070007,53.730545,47.151901
2016-02-10,91.579254,490.480011,53.080421,47.563332
2016-02-11,91.025528,503.820007,50.738071,47.544201
2016-02-12,91.307251,507.079987,54.963863,48.319218
2016-02-16,93.881607,521.099976,55.786068,49.234718
2016-02-17,95.319359,534.099976,56.187618,50.516418
2016-02-18,93.512459,525.0,55.269802,50.294781
2016-02-19,93.298737,534.900024,55.279354,49.938213
2016-02-22,94.114754,559.5,55.996403,50.738071
2016-02-23,91.987267,552.940002,53.654057,49.321453
2016-02-24,93.357018,554.039978,53.673176,49.494919
2016-02-25,93.998184,555.150024,54.504955,50.208042
2016-02-26,94.143906,555.22998,55.011662,49.437096
2016-02-29,93.930183,552.52002,53.826153,49.032349
2016-03-01,97.660561,579.039978,56.598717,50.670616
2016-03-02,97.874298,580.210022,57.134117,51.027176
2016-03-03,98.602882,577.48999,57.325321,50.448967
2016-03-04,100.069786,575.140015,57.411369,50.140583
2016-03-07,98.962318,562.799988,57.306206,49.176895
2016-03-08,98.146294,560.26001,56.197182,49.774391
2016-03-09,98.233734,559.469971,56.522236,50.921169
2016-03-10,98.282295,558.929993,56.034649,50.159859
2016-03-11,99.341187,569.609985,56.732567,51.142818
2016-03-14,99.593773,573.369995,56.522236,51.239185
2016-03-15,101.594978,577.02002,56.598717,51.643936
2016-03-16,102.945305,574.27002,56.331024,52.376339
2016-03-17,102.780144,559.440002,56.168491,52.675079
2016-03-18,102.896729,552.080017,57.822479,51.547573
2016-03-21,102.887009,553.97998,57.803356,51.904137
2016-03-22,103.673882,560.47998,57.593025,52.106506
2016-03-23,103.100731,569.630005,57.306206,52.010139
2016-03-24,102.653854,582.950012,56.866417,52.241425
2016-03-28,102.187561,579.869995,56.789932,51.595753
2016-03-29,104.606491,593.859985,56.436192,52.723263
2016-03-30,106.432831,598.690002,57.086315,53.050919
2016-03-31,105.879097,593.640015,56.617844,53.224377
